Reviews,Sentiments
i received my order  seriously bht alaww ,positive
very good aik dum zabardust product  ,positive
bht shukria  allah ap hamesha kosh rakey  thanks ,positive
good highly recommended ,positive
inthai useful chez bht alaaaaa ,positive
best quality in very reasonable price ,positive
great quality in reasonable price  highly recommended ,positive
very good quality ,positive
good quality and packing  deliver on time  highly recommend this seller  ,positive
dobara order bht alww ,positive
buut bhut acha jesa dekha ys 5 time acha mila ,positive
product buhat achi ,positive
product buhat achi ,positive
product buhat achi ,positive
product buhat achi ,positive
product buhat achi ,positive
product buhat achi ,positive
product buhat achi ,positive
product buhat achi ,positive
product buhat achi ,positive
product buhat achi ,positive
product buhat achi ,positive
product buhat achi ,positive
product buhat achi ,positive
product buhat achi ,positive
bht acha ,positive
bht achi but glitters jaisay pics mai but it s ok ,positive
safe packaging bht bht achi product ,positive
alhamdulillah satisfied  mashaallah bht zabardast clr  ,positive
bht kamal haithank u so much daraz and seller ,positive
bhttt zabardast hythanks seller m fully satisfied ,positive
bht achay stuff b acha or sai halt m or order krnay wali ,positive
product buhat achi ,positive
product buhat achi ,positive
product buhat achi ,positive
product buhat achi ,positive
product buhat achi ,positive
bht acha protect same pic dekha mila thank u daraz ,positive
bohut zabardust ,positive
product buhat achi ,positive
recommended ye bhut achi cheez ,positive
zbrdst thank so much bht cute h ye watch or same clr b mjhy chaheye lvly nd packing b ,positive
bohat zabardast yr like original thanks daraz ,positive
bhot achi thanks daraze ,positive
great experience yr owsm h best h  ,positive
bht zabardst  100  satisfy  highly recommended thanku daraz ,positive
highly recommended ,positive
boht achi quality daraz k sath experience acha ,positive
amazing experience lekin clock little light so girne khtra ,positive
bht pyari chz ,positive
beht pssnd aaya ,positive
totally recommended mai kehta hn lain ,positive
bht acha h soft ,positive
me bht khush hu quality  packing blkl thk ,positive
out class buhat zaberdst dill gardan gardan hogaya and bottle and paking owsm ,positive
bht achi fragrance bhai ,positive
bht bht acha shampo or packing b bht zabardast ,positive
bht zabardast wbm baby product osame  ,positive
bahot achay handsfreee gaming krni music sunna kaliy best but wire quality achi nahi ,positive
bht achi cheez ,positive
buut bhut acha jesa dekha ys 5 time acha mila  r paking bht e achi ,positive
bht achi cheez ,positive
bht achi cheez ,positive
bht achi cheez ,positive
bht achi cheez ,positive
bht achi cheez ,positive
bht achi cheez ,positive
bht achi cheez ,positive
bht achi cheez ,positive
product buhat achi ,positive
bht acha ,positive
bohut zabardust ,positive
bhot zabaradast ,positive
it a very good product ,positive
so preety thank u so much ,positive
bhot achi light ,positive
best product highly recommended ,positive
best product jaisi pic me di  highly recommend  ,positive
bohat acha product aya me first time order diya thanks ,positive
bht pssnd aai ,positive
bht achi cheez ,positive
bht achi cheez ,positive
product buhat achi ,positive
product buhat achi ,positive
product buhat achi ,positive
product buhat achi ,positive
bht achi product  price munaasib ,positive
bht achi product  highly recommend  ,positive
its realy good in quality ,positive
thnks draz bht achi product bheji ,positive
product buhat achi ,positive
bohut zabardust ,positive
nice work bohat khob acah ,positive
teeno bohot achay ,positive
v v nice bohat achay hn sound bohat acha ,positive
nice bht achi  ,positive
zabardst masha allah   well packed  packet kholty bht pyari khushboo aai ,positive
bhot hii umda ,positive
buhut achi product  achi packing mai receive deliver time  ,positive
packing bht scured ,positive
bht acha protect same pic dekha mila thank u daraz ,positive
supr bht acha h jesa pic me wasa aya thanks daraz ,positive
boht acha prodect milla pic man wesa mila dil khush thanks draz ,positive
bht soft baby lea bht acha i like it ,positive
boht umda  under bed shoe organizer but mene isy under sofa rakh liya ,positive
boht achi cheez space saving ,positive
boht achi cheez space saving ,positive
boht achi cheez space saving ,positive
boht achi cheez space saving ,positive
boht achi cheez space saving ,positive
boht achi cheez space saving ,positive
bht acha ,positive
bht acha ,positive
bht acha ,positive
bht acha ,positive
bht acha ,positive
bht acha ,positive
bht acha ,positive
bht acha ,positive
bht acha ,positive
bht acha ,positive
bht acha ,positive
bht acha ,positive
bht acha ,positive
me bht khush hu quality  packing blkl thk ,positive
ye both acha boht satisfy hon same picture jaisa thankyou so much ,positive
behtreeen quality  peson k legaz very useful  ,positive
bht acha clr bht psnd tqreeban aik week tk clr brown clr ,positive
bht achi cheez ,positive
thanks sir bohat acha parodact hey pata chalta ke raat hoi hey ,positive
thanks for my order bohut achi quality ,positive
bht achi product same as picture  packng bht  thnks daraz thnx seller ,positive
v good products thora sa that hua ,positive
too much owxm mera bby bbbhhht happy ma ,positive
bhht soft insha allah agian shop krn daraz ,positive
nice quality me bohat zayada acha i recommend lo ,positive
quality bht zyda zbrdst ,positive
highly recommended ,positive
very nice ,positive
bht zabardst discount dia thans a lot ,positive
very nice ma sha allah  working good  ,positive
bhhttt zyda zbrdst mja bhtttt pasand aya or service b zbrdst h time sa phly mja mil iam so ,positive
bhot acha jistrha sa pic ma same wesy delver bhot shukryia ,positive
bht acha ,positive
bhot aala quality b achi ,positive
bhut bhut bhut achi decoration me leye thanks daraz ,positive
assalam u alaikum bht achi product nice quality  thank so much  ,positive
bht cute yr ,positive
zabardast good quality i really like it jitna expect kiya zayada achaa ,positive
bohat achhay ,positive
yrrr bht acha curtain ,positive
good quality price mai bhtttttt happy  ,positive
i like it  bht shukriya ,positive
bohat safe or bohat achi packing m aya or bohat jaldi aya ,positive
mjh bht achaa lagaa apky idr shopping ky  ,positive
boht achi product jesi pic mn dikhai same wesi  thankx daraz ,positive
mai excellent allahumdollah i am very very happy ,positive
mashallah zabardast ache quality bohat pasand ,positive
inshallah best product ,positive
bht pyare or packing b bht zbrdst the i like it ,positive
thank daraz mujhe buhat acha lag  ,positive
very nice mja aaya k ,positive
its really amazing pic ma product mili thanx daraz ,positive
boht acha inshallah be cheezy lu ,positive
thank daraz mujhe buhat acha lag  ,positive
bohat achaa use ma ,positive
boht acha very good thanks daraz ,positive
bht acha product  bachon kay hairs bht soft tangle free jatay  highly recommended ,positive
boht achy hein  fast delivery  good packaging  price me zaberdust ,positive
jazakallah m fully satisfied  this thing in this price range such a blessing  tbvh ,positive
highly recommended shukria seller  ,positive
bohat achi chiz mien chiz mili ,positive
bht useful  satisfied ,positive
bhot achy lagay humy apky sofy bhot confortable ,positive
thank daraz mujhe buhat acha lag  ,positive
bhoot achi thnkssssssssssss kamal ,positive
bht maza aaya ,positive
bht zbrdst h same aya jsa pic ma h thank u ,positive
bht achay  seller very cooperative  ,positive
bht bht bht mazy ,positive
bohut zabardust product h love this so soft and good service thnx draz ,positive
bands bht charming ,positive
very awesome thing very nice i would like call again ,positive
realllyy awsom use k bad review dy rai hu ,positive
bht zabardast wonderfull experience ,positive
bht achi chez thankss darazzz ,positive
zabardast  bohat achi kit aayie hanjaise dikhaya wese bheji  great job ,positive
really this order very very nice thanks daraz itnay kan waqar may ap nay order place kiya very good job ,positive
ye mera pehla order muje boht pasnd aya very nice prouduct ,positive
jldi punch order bot achi ,positive
very good flexible and reliable bags ,positive
size perfect  quality good in this price  highly recommend ,positive
very nice ,positive
very good productthanks daraz  ,positive
very good product recomended ,positive
buht buht buht achi cheez nkli am so happy  thanku so much  ,positive
bht acha ,positive
product buhat achi ,positive
bht acha ,positive
bht pyari product me bht khush hon ye paa ,positive
ye seller bht acha ,positive
quality normal but very gud in this price ,positive
bhot acha derma roller ,positive
bht achi pking ,positive
mjh bot achaa lagaa apky idr shopping ky  ,positive
very good sai product ,positive
bacho buht behtrren toothbrush zabardast thanks daraz ,positive
bht achi cheez for my baby ,positive
dil k 100 star don ithna acha shampoo thank u so much ,positive
quality normal but very gud in this price ,positive
packaging bht achi ,positive
i love this light so cute nice colour ,positive
great experience ,positive
mje mra parsl mil  sari cheze bhtt achi  jazak allah ,positive
bht bht achi nail polish h  colour b bht  achy mly mjhy or sab dfrnt colours  safely packing bht  i reallly like it  seller desrv 5star  recommend all ,positive
mashallah v good ,positive
abhi istamal ni kia pr bht achi cheez ,positive
bhht shukria ,positive
maine mngwya bht acha nikla ,positive
teno bhht ashi hn bs print m or manga bhja or puara h ye ,positive
khi woh colour ni ay lkin boht achi ,positive
bht acha bag at least mitti jutto bcha k rkhy space b km li ar bht achy shoes wagera cover hogae ,positive
bht acha ,positive
my first experience quality so good jesa dikhaya waesa hee bheja thankuuu ,positive
bilkul orginal ,positive
quality normal but very gud in this price ,positive
bht acha clr bht psnd tqreeban aik week tk clr brown clr ,positive
bht acha ,positive
i love it and light bht achi new lgte hyn but thori si kaam light ,positive
exact same product bheji  so cute colour changing  ,positive
ye bht achi bilkul jaise jaise kaha ma sha allah ,positive
sub say phle about the daraz boht achi service and rider also some on the time thank u  ,positive
bohhot acha yaha order k lights bohhot achi hen picture awesome ari light me ,positive
bht acha roller haipackaging bht achi or plastic jin logon k ,positive
bht achi lites wire b apni mrzi set skty r modes ,positive
ye bohat acha raat driving may karne may bohat acha ,positive
do din me receive hua order mujhy looking wise bht achi h kit but quality itni pasand nahi i mujhy  ,positive
packing bht achi  ,positive
bhot achi ap sab isy zaror buy kary ,positive
m 1st time oder kia soch rhi ptta kaisa hoga buhattttt pasnd aya mujhy product bhttt nice  same jaisa daikha waisa  packing b achiii  ,positive
very satisfied with product  exact wahi cheez mili mangwai thank u daraz ,positive
bht asha h second time order h ,positive
very nice pr late aaya ,positive
buhat achay suitcase rate kay hisab say perfect jah tak in suitcase samja yah suitcase choty safar kay liay bht alw ,positive
thanks bht shukria ,positive
thory expensive lekin bht pyare flowers thank u ,positive
thank daraz mujhe buhat acha lag  ,positive
bht acha ,positive
packaging bht achy k bheji ,positive
size acha and hand ma achi grip rkhta  bht acha ,positive
seller bht achy deal kiya  time pr item deliver hua  like it ,positive
sbko reccomend krti ye seller bht acha ,positive
bht achy tub for feet soakinglike it  ,positive
bara comfy ,positive
speach less bht zberdast shdow ,positive
boht kmaal servuc maal ordr kia bilkul deliver thanks daraz  love u soo much ,positive
bht acha ,positive
bht acha ,positive
zabrdast quality be bhuoot achi ,positive
very nice ji bilkul paisaaa wasooool comments ,positive
buhat zabardast watch  excellent quality  ,positive
love yrr bht shukria ,positive
dill say dua allah pak ap logo bohot zaida dyn huge success ,positive
bohat zabardast quality bohat achi h affordable must buy ,positive
yaar bht alaaw  loofah acha kam ,positive
quality normal but very gud in this price ,positive
bht achy shed s ,positive
skin bilkul saaf ,positive
bt  bht sara thnks ,positive
jazak allah khairan kaseera may allah bless al vendor and daraz team very well done ,positive
mujhy laga sme same nhi hoga but jitna socha kai zeada acha nikla ,positive
very nicethank ,positive
pretty good quality  jldi b aaya ,positive
jessy oder kiye wasy aya first time oder kiye very nice ,positive
kha bheja bht shukria ,positive
i m soo satisfied  time pehle mil ,positive
market bht zaida sasta good ,positive
mainay itna acha customer experience nahn kia tak ,positive
me bht khush hu quality  packing blkl thk ,positive
bilkul wesi chair jsi pic mn dkhai ,neutral
i am soo happyyyyyyy ,positive
achi chez paidaar i m so happy now ,positive
bht pyari chz ,positive
beht pssnd aaya ,positive
totally recommended mai kehta hn lain ,positive
bht acha h soft ,positive
me bht khush hu quality  packing blkl thk ,positive
out class buhat zaberdst dill gardan gardan hogaya and bottle and paking owsm ,positive
bht achi fragrance bhai ,positive
bht bht acha shampo or packing b bht zabardast ,positive
bht zabardast wbm baby product osame  ,positive
bahot achay handsfreee gaming krni music sunna kaliy best but wire quality achi nahi ,positive
bht achi cheez ,positive
buut bhut acha jesa dekha ys 5 time acha mila  r paking bht e achi ,positive
packing bht achi  ,positive
bhot achi ap sab isy zaror buy kary ,positive
m 1st time oder kia soch rhi ptta kaisa hoga buhattttt pasnd aya mujhy product bhttt nice  same jaisa daikha waisa  packing b achiii  ,positive
very satisfied with product  exact wahi cheez mili mangwai thank u daraz ,positive
bht asha h second time order h ,positive
very nice pr late aaya ,positive
buhat achay suitcase rate kay hisab say perfect jah tak in suitcase samja yah suitcase choty safar kay liay bht alw ,positive
thanks bht shukria ,positive
thory expensive lekin bht pyare flowers thank u ,positive
thank daraz mujhe buhat acha lag  ,positive
bht acha ,positive
packaging bht achy k bheji ,positive
size acha and hand ma achi grip rkhta  bht acha ,positive
seller bht achy deal kiya  time pr item deliver hua  like it ,positive
sbko reccomend krti ye seller bht acha ,positive
bht achy tub for feet soakinglike it  ,positive
bara comfy ,positive
speach less bht zberdast shdow ,positive
bhot achi item ,positive
buht acha experience ,positive
very good quality amazing colours ,positive
i am very glad see this ,positive
good yr bhot achi chez ,positive
bout zabardust ,positive
very good quality ,positive
very satisfied ,positive
yar masha allah itne zabardsst ,positive
desings r very colorful size smaller than a tile ,positive
mashaallah bht ache stickers ,positive
bht ache ,positive
boaht achi tile stickers ,positive
product very good ,positive
bht zabardast ,positive
these balloons was very good ,positive
bht achi quality h balloons ,positive
balloons are so nice ,positive
baloons are very good quality ,positive
very very beautiful same as pick ,positive
it s so good ,positive
very very nice thanks so much ,positive
compare price it so good product for home ,positive
buhat achi ,positive
packing buhat achi ,positive
bhut zberdast ye balls ,positive
very nice amazing ,positive
very nice product ,positive
absolutely amazing handsfree ,positive
absolutely amazing handsfree ,positive
it was so amazing ,positive
bohat achi product kem price good quality thanks saler and thanks draz ,positive
bhooot bhoot ach kater best kater daraz the best online shopping app thank u ,positive
it  s very useful ,positive
great product  very useful  lowest price  ,positive
very helpful product in kitchen ,positive
bohat acha seller ache pack kia ,positive
styles are very good ,positive
good one  i like it  very good in this price ,positive
bhut acha h ,positive
achi product price kam bhoot acha laga isko khareed ,positive
bhoot zbrdast ,positive
cute sa slicer apni qeemat k hisab buht acha ,positive
it s very useful  ,positive
boht allla product or boht use full ,positive
bahooooot zaberdast ,positive
bahot acha  thanks daraz and store ,positive
bhoooot acha ,positive
thanks daraz for giving such a great product  ,positive
behtareen product packaging sahe safe abd secure good bhai sukria ,positive
behtareen product  recommended  ,positive
best product ever delivery late ,positive
manga mila excellent product with nice ,positive
awesome quality and on time delivery  ,positive
best quality i love this and satisfied best quality ,positive
comfortable beautiful high quality seat ,positive
amazing quality ,positive
loved it  ,positive
wow love it  good product ,positive
mera first time experience amazing ,positive
original product thnks ,positive
i simply loveee it ,positive
product original  ,positive
wow maza aagya use k  i like it ,positive
have found it good alhamdulillah  ,positive
daraz zindabad ,positive
masha allah same cheez  tnku daraz  ,positive
mashallah good product ,positive
i appreciate it jazakallah ,positive
thank so much daraz ,positive
brush soft  daily use k acha bht  ,positive
wow kia bt brush sahi ,positive
mein pehla order kiya draz baat jesa dekha bilkul wesa mein kahon ge sab ye lyn zaberdast ,positive
role pretty thin  pr quality amazing ,positive
jazakallah ,positive
jazakallah ,positive
apni behno b recommend karongi woh b yahin say khareedain inshaallah ,positive
barosa h hr cheez befikr hoky mai order skta qk mujhy time period diya b jaldi mjhy mil ye lotsss of love daraz ,positive
mujhe apna package received hogya  thanx ,positive
clr  manga whii mila thanks ,positive
jesa kha wasa bhja size mashallah ,positive
chicken mangwaya salmon flavour bheja  but over all my cat loves it  ,positive
best mehndi zbrdst ,positive
product orignal e ri  ,positive
handfree awaz over loud clear  but seller original item bejhi  ,positive
thnx same thing i recieved ,positive
allhamdullillah satisfied ,positive
wah je wah ,positive
are wah kaya bat ,positive
yaar be fitt  ,positive
product achi i love it ,positive
loving it achi quality ,positive
shukria ,positive
thnxx daraz ,positive
durable ra ,positive
product durable price ma  ,positive
thnks mil ,positive
jasi pics m wasi thnks ,positive
jaisa maanga waisa aaya thanks ,positive
abhi use nahi kiya  lakin skin pay cooling effect daita zabrdst ,positive
zenda bad yar jazakallah ,positive
jazakallah ,positive
sound acha or dikhnay me bhe original ,positive
cute little perfumes thnks ,positive
mashallah good product ,positive
prfect bhai ,positive
mashallah good product ,positive
thnx ,positive
i am loving it jo mangwaya mila  ,positive
maza aagaya bohot time bad original cheez milli ,positive
love this apron as shown in the picture usse b acha recv hua thanks alott    ,positive
zabardast picture me dekhaya i love it ,positive
salam  thank so much  i m satisfied ,positive
thanks daraz  size b perfect satisfied from product ,positive
delicious bht noodles ,positive
behtreen  thanks seller  ,positive
thank u daraz and thank u good seller  ,positive
jesa socha wesa bheja very good bhai thanks daraz  ,positive
agay mazeed order karonga acha laga mujhe bht ,positive
sab best ,positive
thanks for this beatiful product  ,positive
genuine product bheji gd ,positive
zabardast ,positive
it was superbbbb ,positive
kha recive kiya  working perfectly  ,positive
thankyou daraz ,positive
thank sooo much sir picture me bhja bus quality halki lkn acha or delivery bi time per howi  ,positive
atny paisoon ma behtreen chz ,positive
best product thanks for a gift ,positive
daraz thanks seller bht discount me mila and shipping free ,positive
jassi picture mein same same vaise chij bhejiye thank daraz  ,positive
original product  time pehle delivery ,positive
alhmdulilah received perfect item  jazakallah ,positive
aala ,positive
originl product hia branded ,positive
bht sari space mai alww yrrrrr ,positive
again thanks because maine ,positive
original product clapss ,positive
bilkul aisa acha bht ,positive
zabardast leken dc itna hta k price phir wohe jate ,positive
thnx  its awesom ,positive
thnx  its awesom ,positive
so beautiful jess pic mai show kia wesi diya thanks daraz ,positive
km price mai excelnt quality ,positive
capacity ,positive
original product di ,positive
original yr ye ,positive
zuberdast thnx daraz for good product ,positive
jazakallah ,positive
jazakallah ,positive
jazakallah ,positive
jazakallah ,positive
jazakallah ,positive
jazakallah ,positive
jazakallah ,positive
jazakallah ,positive
jazakallah ,positive
jazakallah ,positive
jazakallah ,positive
jazakallah ,positive
jazakallah ,positive
jazakallah ,positive
jazakallah ,positive
jazakallah ,positive
jazakallah ,positive
jazakallah ,positive
jazakallah ,positive
allah ap hamesha kosh rakey ,positive
allah ap hamesha kosh rakey ,positive
allah ap hamesha kosh rakey ,positive
jazakallah ,positive
shukria ,positive
jazakallah ,positive
sir mashallah say baby size quality bhei best thank for sir baby happy jazak allah ,positive
zabardast achi product  keep it up seller ,positive
behtreen packing ,positive
zabardast product picture quality b achi h ,positive
i recommend everyone  material awesome ,positive
great product ,positive
excellent ,positive
awsome chez bheji quality b achi ,positive
wao zabardat item i like same qulity thanx ,positive
amazing product haii really love it ,positive
awesome mza aaya ,positive
perfect item price mai ,positive
product  delivery and customer service almost perfect ,positive
zabardast packing k saath asli product ,positive
kamal product ,positive
mashaallah superb ,positive
wao zabardat item i like same qulity thanx ,positive
this beautiful second time mngwaya and just loving it  ,positive
alw ,positive
quality great ,positive
zbrdassst ,positive
excellent  daraz sai b mngwaya abhe tk acha  best daraz app ,positive
amazing ,positive
amazing product  value for money ,positive
perfect zabardast ,positive
quality colours zbrdast ,positive
stuff really nice slaying it  ,positive
masha allah puray room look change  amazing thanks daraz  ,positive
perfect item room k lie ,positive
excellent  ,positive
bst product ,positive
received my parcel  thank youuuu so much best quality shoes ,positive
besttt shoes ever ,positive
jazakallah ,positive
dikhaya wha bhaja  packing was excellent  i m just loving it ,positive
satisfied  perfectly fit  over all gud  ,positive
the product excellent and comes with great packaging ,positive
excellent quality and service ,positive
zabrdst color ,positive
kaamal yaar ,positive
ache cheez good  ,positive
good packing or achal product or color be kmll or deliver be time per howa over good product and recommend this seller ,positive
services are gud  worth this price ,positive
aceptable ,positive
overall quality good  lekin team rspond ni krti ,positive
order jaldi receive hogya ,positive
acha kaafi ,positive
shukria drz ,positive
nice ,positive
mini refillable perfume ache work kerte ,positive
achi product  i have received before given time  ,positive
a useful product keep surrounding area clean and good hygiene ,positive
good experience with the poduct ,positive
quality achi or fast delivery  ,positive
hath me pkr k dikha h ta k awam size andaza  ache cheez good  ,positive
low price with good quality  ,positive
good qualilty and large size  ,positive
product in good quality also bigger and wider ,positive
i really like ,positive
good quality  reasonable price  ,positive
looks fine ,positive
color toh acha but thick laganay me problem rah ,positive
goood ,positive
nice yrr ,positive
acha mila product ,positive
nic yr ,positive
gd bhai ,positive
acha ,positive
acha ,positive
quality overall good price ky hisab say theek ,positive
product was good ,positive
color aca ,positive
mare 3 nikle but it s good ,positive
nice h or b faidye isk agr bta den or draz prches h nice work draz ,positive
nice product delivery me thoda late hwa ,positive
quality was quite good prr chalty chalty band  ,positive
same aya h jesa pic m  grate  i m happy ,positive
sir g nice product ,positive
good product ,positive
pssnd aaya ,positive
acha ,positive
looking gudphir mngwon ,positive
looking gudphir mngwon ,positive
achi cheez good quality ,positive
qeemat kay hisab say acha mayar ,positive
good product ,positive
recommended seller  product same as shown  ,positive
i am satisfied with the product ,positive
achi quality ,positive
satisfied with the product mashaallah ,positive
same same di ,positive
satisfied hn ,positive
achi ,positive
i m happy thnks ,positive
achi condition ,positive
quality achi pr bht simple ,positive
achi cheez price k lehaz ,positive
packing achi ,positive
it s nice lekin cover bag ni ,positive
packing good  random colours hen peel nail polish acchi hen  but small bottles hen  overall good ,positive
good product lekin bht poor dilivery 11 days mai aay  ,positive
good quality h but perfect nahi h sound b acha h lekin bass buht kam h  ,positive
product jesi dikhai bilkul wesi bheji  i appreciate it  ,positive
acha price b thora ,positive
nice product size chota but nice ,positive
good quality same as shown ,positive
delivery on time  ghr ni the pr dobara dene aaya parcel  hope it work well ,positive
dr ra pta ni kaisa nikle pr acha ,positive
they r good ,positive
acha ,positive
unique cheez ,positive
good ,positive
its good ,positive
nice product  same pic jaisa  ,positive
achi product or quick delivery ,positive
good product ,positive
niceee ,positive
good ,positive
mai recommend rai ye seller ,positive
gud one ,positive
achi ,positive
achay bulbs price reasonable ,positive
stuff acha iss qeemat may ,positive
ye mene order kia nice product ,positive
good quality ,positive
good jnb ,positive
affordable sri products ,positive
good quality pr bht time lga aane mai ,positive
good app  achi packing b ,positive
good product bhai thnks ,positive
achi quality in this price ,positive
gd yrr ,positive
gd experience ,positive
acha and stone ye nhi pata ,positive
delivery time or parcel acha ,positive
deliverey late aai but good satisfied product in this price ,positive
achi quality ,positive
nyc ,positive
good product chhiye woi mila ,positive
daraz ke service ache  lekn agr aesy seller market mai mojoud market kharab hoge ,positive
satisfied hn abhi ,positive
quality achi or chalna ma shi ,positive
small lekin cute  ,positive
recommended lo yr ,positive
packaging achi jesa picture ma dikhaya vese bheja  ,positive
discounted price ma mila muje  good silicon body brush ,positive
acha scrubbing k  ma daily use ,positive
quality achi  time tk chalyga  ,positive
acha  packing sahi n th ,positive
received price range munasib recevied in bubble wrap good product ,positive
acha ,positive
eyeshadow palette achi ,positive
satisfied hn product ,positive
chez achi  ,positive
axhi lai loooo ,positive
same chez dekhi mili thnx draz hamesha chez magwai wesi mili ,positive
sound better  overall experience acha  and price thori over  market m k sath original 320 mil ,positive
good lekin size small ,positive
jasi pics m wasi acha ,positive
comparatively nice product bcz paise b km ,positive
pic jaisa good ,positive
nice ,positive
its good ,positive
same blkl pic jaisa ,positive
dobara order acha ,positive
jasi pics m wasi gd ,positive
convenient shower lena say  ,positive
jasia dikhya waisa mila satisfied ,positive
market ce sastaa ghar py delivery ,positive
resonable priced quality good time thori mistake chaly ,neutral
hamesha yhin order krngi convenience hoti ,neutral
perfect item price mai ,positive
product  delivery and customer service almost perfect ,positive
zabardast packing k saath asli product ,positive
kamal product ,positive
mashaallah superb ,positive
wao zabardat item i like same qulity thanx ,positive
this beautiful second time mngwaya and just loving it  ,positive
alw ,positive
quality great ,positive
zbrdassst ,positive
excellent  daraz sai b mngwaya abhe tk acha  best daraz app ,positive
amazing ,positive
amazing product  value for money ,positive
perfect zabardast ,positive
quality colours zbrdast ,positive
stuff really nice slaying it  ,positive
masha allah puray room look change  amazing thanks daraz  ,positive
perfect item room k lie ,positive
excellent  ,positive
bst product ,positive
received my parcel  thank youuuu so much best quality shoes ,positive
besttt shoes ever ,positive
jazakallah ,positive
dikhaya wha bhaja  packing was excellent  i m just loving it ,positive
satisfied  perfectly fit  over all gud  ,positive
the product excellent and comes with great packaging ,positive
excellent quality and service ,positive
zabrdst color ,positive
kaamal yaar ,positive
ache cheez good  ,positive
good packing or achal product or color be kmll or deliver be time per howa over good product and recommend this seller ,positive
services are gud  worth this price ,positive
aceptable ,positive
overall quality good  lekin team rspond ni krti ,positive
order jaldi receive hogya ,positive
acha kaafi ,positive
shukria drz ,positive
nice ,positive
mini refillable perfume ache work kerte ,positive
achi product  i have received before given time  ,positive
a useful product keep surrounding area clean and good hygiene ,positive
good experience with the poduct ,positive
quality achi or fast delivery  ,positive
hath me pkr k dikha h ta k awam size andaza  ache cheez good  ,positive
low price with good quality  ,positive
good qualilty and large size  ,positive
product in good quality also bigger and wider ,positive
i really like ,positive
good quality  reasonable price  ,positive
looks fine ,positive
color toh acha but thick laganay me problem rah ,positive
goood ,positive
nice yrr ,positive
acha mila product ,positive
nic yr ,positive
gd bhai ,positive
acha ,positive
acha ,positive
quality overall good price ky hisab say theek ,positive
product was good ,positive
color aca ,positive
mare 3 nikle but it s good ,positive
nice h or b faidye isk agr bta den or draz prches h nice work draz ,positive
nice product delivery me thoda late hwa ,positive
quality was quite good prr chalty chalty band  ,positive
same aya h jesa pic m  grate  i m happy ,positive
sir g nice product ,positive
good product ,positive
pssnd aaya ,positive
acha ,positive
looking gudphir mngwon ,positive
looking gudphir mngwon ,positive
achi cheez good quality ,positive
qeemat kay hisab say acha mayar ,positive
good product ,positive
recommended seller  product same as shown  ,positive
i am satisfied with the product ,positive
achi quality ,positive
satisfied with the product mashaallah ,positive
same same di ,positive
satisfied hn ,positive
achi ,positive
i m happy thnks ,positive
achi condition ,positive
quality achi pr bht simple ,positive
achi cheez price k lehaz ,positive
packing achi ,positive
it s nice lekin cover bag ni ,positive
packing good  random colours hen peel nail polish acchi hen  but small bottles hen  overall good ,positive
good product lekin bht poor dilivery 11 days mai aay  ,positive
good quality h but perfect nahi h sound b acha h lekin bass buht kam h  ,positive
product jesi dikhai bilkul wesi bheji  i appreciate it  ,positive
acha price b thora ,positive
nice product size chota but nice ,positive
good quality same as shown ,positive
delivery on time  ghr ni the pr dobara dene aaya parcel  hope it work well ,positive
dr ra pta ni kaisa nikle pr acha ,positive
they r good ,positive
acha ,positive
unique cheez ,positive
good ,positive
its good ,positive
nice product  same pic jaisa  ,positive
achi product or quick delivery ,positive
good product ,positive
niceee ,positive
good ,positive
mai recommend rai ye seller ,positive
gud one ,positive
achi ,positive
achay bulbs price reasonable ,positive
stuff acha iss qeemat may ,positive
ye mene order kia nice product ,positive
good quality ,positive
good jnb ,positive
affordable sri products ,positive
good quality pr bht time lga aane mai ,positive
good app  achi packing b ,positive
good product bhai thnks ,positive
achi quality in this price ,positive
gd yrr ,positive
gd experience ,positive
acha and stone ye nhi pata ,positive
delivery time or parcel acha ,positive
deliverey late aai but good satisfied product in this price ,positive
achi quality ,positive
nyc ,positive
good product chhiye woi mila ,positive
just amazing ,positive
behtreen chez ,positive
package delivered  looking awesome ,positive
amazing colours ,positive
satisfied with design and printing ,positive
good quality stickers ,positive
delivered promptly ,positive
excellent experience ,positive
quality was outstanding ,positive
awesome ,positive
thanks seller good price and good product ,positive
looking awsom ,positive
good stickers in this price ,positive
received on time nice item ,positive
nice colours ,positive
good product ,positive
excellent product ,positive
reasonable price ,positive
good colors ,positive
it s gud amzing ,positive
good product ,positive
quality seems good and the package was on time ,positive
owsm ,positive
satisfied ,positive
best balloons ever ,positive
good balloons ,positive
quality seems good ,positive
this product fabulous ,positive
nice ,positive
they were beautiful and strong ,positive
reasonable price ,positive
it was good ,positive
good product ,positive
all items was original ,positive
it great and i like it ,positive
receive my parcelits good ,positive
achaa  thanks ,positive
crystal water ball looking fantastic ,positive
suggest buy this product ,positive
awesome and amazing ,positive
packing was nic and the balls grow nicly ,positive
i recommend buy this in reasonable price ,positive
seller good person ,positive
best product ,positive
happy shopping ,positive
beautiful ,positive
superb janab ,positive
amazing and good quality satisfied ,positive
i m satisfied with my parcel ,positive
they are nice  satisfied ,positive
seller good awesome thanks draz ,positive
good quality product ,positive
nice product ,positive
felling happy ,positive
splendid design headphones ,positive
amazing ,positive
amazing ,positive
easy use and good quality ,positive
highly recommend ,positive
this an amazing product with the great price ,positive
achi product  matrial bi thek lga  ,positive
super h  must recommended ,positive
packing good quality also good ,positive
easy use ,positive
it good ,positive
price k hisab theek  ,positive
size tkeek the door width 2 inch or ye b chota fit nhe  ,positive
quality theek ,positive
quality theek ,positive
good all r ok ,positive
quality theek ,positive
quality theek ,positive
sari lights thik chl rain ,positive
just theek ,neutral
thora late mila but it s ok ,neutral
behtar ,neutral
fine quality ,neutral
quality okayish in this price  ,neutral
bss average quality ,neutral
quality bss okay  ,neutral
quality just fine ,neutral
product quality fine  must be more cheaper for everyone in use ,neutral
thik bs ,neutral
guzara skta ,neutral
just ok  ,neutral
sahee ,neutral
quality theek ,neutral
quality theek ,neutral
thik ,neutral
thik ,neutral
quality sirf ok ,neutral
theek normal ,neutral
price thik ,neutral
thik hia ,neutral
price k hisaab product sahi  ,neutral
product bs thekk ,neutral
fine quality  market ziada ssta mil skta ,neutral
average quality lekin looking gd ,neutral
packaging sahi  handy brush slip nhi haath ,neutral
bss fine ,neutral
behtar ,neutral
theek ,neutral
fine but chota ,neutral
not good  not bad average ,neutral
average quality bhtr skti ,neutral
normal ek sid khrab any ap kaha bhe kay sahi wali bhajhna but ap log suntay nahi plhy bhe nay order sahi nahi or bhe khrab nakli ,neutral
average ,neutral
mehnat k bad qably istemal bana h  cardboard laga k base banai  u can c my sughrapa average quality ,neutral
average quality  bas look ke  ,neutral
jasi pics m wasi sahi  ,neutral
guzara bas ,neutral
theeeek ,negative
order mila use bi kea hafta but jaldi karab headphone awaz wagara ok ,negative
this ok ,neutral
ok h ,neutral
quality seems ok ,neutral
it s ok ,neutral
it s average in use ,neutral
mil fazoool si quality ,neutral
but mujhy oder ni mila chawal harkt ,neutral
ye kia dikhate kia dete kia change kro ,neutral
order kia or mila or ajeeb chawal ,neutral
product as shown in image lekin time ziada lga ,positive
bad ,neutral
yah nhi ta mny order kia ta ,neutral
kha b k acha sa bhejna fzool ,neutral
thank uuu daraz same wahe pic mai ti but delivery tore slow ,positive
warrenty aai ni ,negative
din bad aj deliver howa  pic ma dikhya uska hissab shade change  ,negative
colour change aey ,negative
recieved my order lekin dkhaya ni ye ,negative
silicon hard ,negative
plz change kare muje yahi chahiye sahi wali ,negative
handsfree achi but side damage ,negative
thik  bss quality low ,negative
local bilkul ,negative
aik side ni chal rai ,negative
wapis krni krni mujhe ,negative
mic ni chal ra ,negative
aik side ni chal rai ,negative
mangwaya ni aya try your best woi bhaijain tag lga dein sold out ,negative
same nahi ,negative
paise wapis kro wrna mai case b kro  take my review in serious  ,negative
ye kese phenka hua lag bs clean k dia h phata hua kese kam nh  ,negative
ajeb si smell e mean mehndi type ni also color lgatai e agya e pya ni k kitne din rahai ge ,negative
expiry date ni likhi ,negative
mei phir order ker hon  plz check k send keray pehle kharab ,negative
hello abhi recive kia  mujhe lga k embrodery pr ye lace nikli mention chihiye cheeters ,negative
dettol liquid ni bheja sanintizer bhej dia galat product ,negative
online pay kia hua phir b paise mang ra  delivery charges  ajeeb ,negative
dikhya bheja ni b in ,negative
we only get one bottle  k 2 order kie the  send our other product ye b wapis lo ,negative
wapis lo paise wapis kro ,negative
b apne halal k rupes zaya karay ,negative
nt same ,negative
galat colour ,negative
y kia mngwae aya lia not same ,negative
dikhaya or nt good ,negative
mein wapes karo ge ,negative
chote bcon k sirf soo not usefulll for me ,negative
seller b khride ,negative
payment return karein please ,negative
sir chez dikhayi the nh ,negative
apny display py lgaya  send different kia ,negative
mjhe return  ,negative
use kasi krni useless ,negative
b ni kharide in bakar blkl ,negative
bekar paisy zaya ,negative
b khride yhn ,negative
acha ni ,negative
quality itni acchi nahin pani jaisa kapda but still use rahe ,negative
unfortunately iska mic sahi work nhi karta ,negative
not same as shown ,negative
dikhya vo nhe  ,negative
waterproof ni ,negative
farig quality ,negative
quality k hisab price thori zyada ,negative
picture mae dekhya howa ni bheja  picture mae or reality mae or ,negative
paise ni re wapis kitne sare weeks gae ,negative
bhai ap k paas same flavor nahi ap bata dety cancel deti ap khud cancel dety ,negative
zayada kapray nhi dal sakte ,negative
kam ni ra bcz extream softness ,negative
sorry say mje ye color ra mehndi ,negative
abhi khas feel nhi ,negative
ye b bilkul opposite order kiya or bhja ,negative
ye ni mngwaya galat order ,negative
min mai bnd ,negative
darazpe believe krke order krty hn hm or ap log change krdety hm order ,negative
handle toota hua ,negative
same ni ,negative
size me chotay ,negative
maheena b ni chale ,negative
kam pices ,negative
should tell when do nt have same product ,negative
chota ye ,negative
sealed ni ,negative
asa pic ma dikhaya vaisa nahin ,negative
sorry say mje ye acha ni lga ,negative
yedaraz waala jhoota humna fiber mangvaya inho huma wooden diya h ,negative
numbers visibility thora kam  or price thora kam honi chiye  ,negative
ma satisfy nhi hu ,negative
ye galat  paise bi diye our bi toote hue mile hen tarha hoga kon daraz shop krega ,negative
toota hua ,negative
toti nikli ,negative
need improve thore paise lo pr cheez sai do ,negative
10 mg b kam chatak bheji b beekar bili chaki b ni ,negative
khrab nikli ,negative
ek khraab ek side kaam ni rhi ,negative
awaz kati ati nahi just wasted money ,negative
sirf do months sahi kaam kia  iska mic khrab hogya ,negative
thori dr k chali ,negative
jesa mene expect kia wesa bilkul ,negative
pic mai ap zom dyty item k real ma or cheating ,negative
bad all items puri b ni aain ,negative
its was low quality paint  but price resaonable ,negative
use krne me problem rah ,negative
thik ni lgi muje ,negative
chal ni ri ,negative
pssnd ni aai wapis kaise skte ,negative
tota hua ,negative
reliable ni ,negative
usefull ni ,negative
b paise zya hote ,negative
quality wise low ,negative
acha ni inki marzi hei bhej dein  ,negative
time paisa brbad ,negative
jasi pic the wasi ni nili ,negative
purani cheez bhej di ,negative
not like same as pics ,negative
design chnge dia ,negative
it was packed in box tota hua ,negative
kam ,negative
poor packed jis wjha toot b ,negative
galat product ye ni mngwya ,negative
jo picture me dekaya wesa b nahii isme bs kabar rakny k lia acaha ,negative
product acha but there no zip open it so its damaged ,negative
mazboot bilkul nhi bs aap shoes ait jaga rk skte  ,negative
bad experience ,negative
aty shat zip toot ,negative
seat k sath toys wali stick wahi tooti nikli ander ,negative
sirf time phncha bki sari sari product khrb ,negative
order recive ni para  unho likha delivered  pr dia ahi b ni ,negative
order galat pagal bachaa ,negative
same ni bheja apne ,negative
tooti bottle ,negative
order me shaamil ek bottle dhakan sahi band nahi kia howa  liquid leak hogaya  ,negative
charges zyadaa liy hainyah bat smj nhi i  ,negative
product thik pr colr ni sai ,negative
exact items ni bhj re ye log ,negative
kharab product bheji ,negative
order place ni hora ,negative
kura ra ajeeb ,negative
toote hue ,negative
return policy tk thik ni wapis ni pa ra ,negative
i received my order pr cheezin khrb ,negative
expnciv lga ,negative
size thora chota but chalay  ,negative
mene kisi bhejna suitcase u make dissappointed ,negative
cap tooti ,negative
seal tooti ,negative
kam producrt ,negative
low quality as well they lies about quantity  ,negative
recommend nhi ri mai ,negative
tota hua mila wapis lo ,negative
quality pasand nahi i mujhy  ,negative
nt recmded ,negative
colors desirable ni lge ,negative
packing was not so much secure pots toot ge ,negative
becar ,negative
paose wps kro ,negative
not origional expired b ,negative
sari kharab bad experience ,negative
no ratings for this q k negative ni skte ,negative
sharam ani chahiye tum logo flash sale m mene 2 deals mangwayi lekin tum logo aik bhej ,negative
brand ni likha hua fake ,negative
fast delivery but expensive genuine b ni ,negative
ye sai   ajeeb ,negative
disappoint kra ,negative
doesnt even fit on the doormoney waste di ,negative
me ye order kia and seller send me wrong product ,negative
poor quality  quality achi rkh lety ,negative
apne pass rakho aisi ghatiya products ,negative
fazoll qualty ,negative
bekar stiker quality  printing quality bekar  tasveeron mai achy hyn bs  not recommended  competitively flex print krwa lyn achi wall paint msla nhi hoga it per square fit cheap ge  ,negative
paise zya huwe ,negative
toy ra fazol ,negative
scam blkl ,negative
useless ye ,negative
bakws ,negative
seller me a1 bad copy  farig bass ,negative
me bht sal gionee istamal hu  aisa phali bar howa  which makes the point that it might fake also ,negative
worthless just waste of money ek ear phone mein awaz itni kam arahi h bht bekar lagrha h i dont recommend this ever ,negative
cheap low quality product  market 50 ropy milne wali handfree ,negative
damage piece  ,negative
aik box sahi bheja dosara defective  ajeeb log ,negative
dim bht  ,negative
it too much small  mne kux awr expect kia taa  size btaa dte wse ,negative
low quality ,negative
damaged products ,negative
fzool product ,negative
worst quality ,negative
kisi kam ke nahi kharab fazol ,negative
low quality  do nt waste money on this product kharab bi with in a week ,negative
batamizi ni cc bhejo ,negative
disappoint hn mai bht ,negative
expired ,negative
useless  money waist ,negative
hard use  not as shown  fake ,negative
disappoint kia ,negative
cheep product beji ,negative
sharam ani chahiye tum logo flash sale m mene 2 deals mangwayi lekin tum logo aik bheji r upar packets m kam pieces hen ,negative
khuda khauf karo ap log mangwaty hm bhejty hu price high lu but quality or standard zaroor maintain rkho cheez ,negative
cheeters ye ,negative
damaged parsal ,negative
stupid product ,negative
fake h bhjte ,negative
kindly saab parhez kary asi chizon bekarr product ,negative
bakwas products paise waste ge ,negative
toba kro khuda khoof ,negative
fraad yh dekhya beja ,negative
bht ghatiya aya h ,negative
reply ni seller scam ,negative
fazool ,negative
awful kabhi dobara kharidn ,negative
bakwaas sab acha k bandy 10 rupy shapar leely acha ,negative
bekar ,negative
fzool si cheez ,negative
fazool product ,negative
damaged products leak b rai ,negative
pakaging quality bht bekar ,negative
bakwas bakwas bakwas do nt waste money ,negative
fazool quality ,negative
bekar  ,negative
useless bhtt ,negative
bhot bura fazool paisy ziaya karwaa diye ,negative
fazoooool quality ,negative
dikhate or baghte or bd experiece ,negative
dikhate or baghte or bd experiece ,negative
ajeeb hrkt ye ,negative
plz kharide worst quality ,negative
worst quality bakwaas earphones  stopping working ,negative
fake product bhej di  poor quality  ,negative
worst quality bakwaas earphones  stopping working ,negative
bohat low quality jaisi picture vaise bilkul nahin ,negative
bad experience ,negative
order ziada kiye the mila sirf aik bad experience ,negative
chal ni ra   bad experience ,negative
bad experience  watch chl ni ri ,negative
patentic experience ni kha q pehle k as u wish ,negative
such a disgusting product ,negative
fake product skin khrb hogai ,negative
plz change kare muje yahi chahiye sahi wali ,negative
handsfree achi but side damage ,negative
thik  bss quality low ,negative
local bilkul ,negative
aik side ni chal rai ,negative
wapis krni krni mujhe ,negative
mic ni chal ra ,negative
aik side ni chal rai ,negative
mangwaya ni aya try your best woi bhaijain tag lga dein sold out ,negative
same nahi ,negative
paise wapis kro wrna mai case b kro  take my review in serious  ,negative
ye kese phenka hua lag bs clean k dia h phata hua kese kam nh  ,negative
ajeb si smell e mean mehndi type ni also color lgatai e agya e pya ni k kitne din rahai ge ,negative
expiry date ni likhi ,negative
mei phir order ker hon  plz check k send keray pehle kharab ,negative
hello abhi recive kia  mujhe lga k embrodery pr ye lace nikli mention chihiye cheeters ,negative
dettol liquid ni bheja sanintizer bhej dia galat product ,negative
online pay kia hua phir b paise mang ra  delivery charges  ajeeb ,negative
dikhya bheja ni b in ,negative
we only get one bottle  k 2 order kie the  send our other product ye b wapis lo ,negative
wapis lo paise wapis kro ,negative
b apne halal k rupes zaya karay ,negative
nt same ,negative
galat colour ,negative
y kia mngwae aya lia not same ,negative
dikhaya or nt good ,negative
mein wapes karo ge ,negative
chote bcon k sirf soo not usefulll for me ,negative
seller b khride ,negative
payment return karein please ,negative
sir chez dikhayi the nh ,negative
apny display py lgaya  send different kia ,negative
mjhe return  ,negative
use kasi krni useless ,negative
b ni kharide in bakar blkl ,negative
bekar paisy zaya ,negative
b khride yhn ,negative
acha ni ,negative
quality itni acchi nahin pani jaisa kapda but still use rahe ,negative
unfortunately iska mic sahi work nhi karta ,negative
not same as shown ,negative
dikhya vo nhe  ,negative
waterproof ni ,negative
farig quality ,negative
quality k hisab price thori zyada ,negative
picture mae dekhya howa ni bheja  picture mae or reality mae or ,negative
paise ni re wapis kitne sare weeks gae ,negative
bhai ap k paas same flavor nahi ap bata dety cancel deti ap khud cancel dety ,negative
zayada kapray nhi dal sakte ,negative
kam ni ra bcz extream softness ,negative
sorry say mje ye color ra mehndi ,negative
abhi khas feel nhi ,negative
ye b bilkul opposite order kiya or bhja ,negative
ye ni mngwaya galat order ,negative
min mai bnd ,negative
darazpe believe krke order krty hn hm or ap log change krdety hm order ,negative
handle toota hua ,negative
same ni ,negative
size me chotay ,negative
maheena b ni chale ,negative
kam pices ,negative
should tell when do nt have same product ,negative
chota ye ,negative
sealed ni ,negative
asa pic ma dikhaya vaisa nahin ,negative
sorry say mje ye acha ni lga ,negative
yedaraz waala jhoota humna fiber mangvaya inho huma wooden diya h ,negative
numbers visibility thora kam  or price thora kam honi chiye  ,negative
ma satisfy nhi hu ,negative
ye galat  paise bi diye our bi toote hue mile hen tarha hoga kon daraz shop krega ,negative
toota hua ,negative
toti nikli ,negative
need improve thore paise lo pr cheez sai do ,negative
10 mg b kam chatak bheji b beekar bili chaki b ni ,negative
khrab nikli ,negative
ek khraab ek side kaam ni rhi ,negative
awaz kati ati nahi just wasted money ,negative
sirf do months sahi kaam kia  iska mic khrab hogya ,negative
thori dr k chali ,negative
jesa mene expect kia wesa bilkul ,negative
pic mai ap zom dyty item k real ma or cheating ,negative
bad all items puri b ni aain ,negative
its was low quality paint  but price resaonable ,negative
use krne me problem rah ,negative
thik ni lgi muje ,negative
chal ni ri ,negative
pssnd ni aai wapis kaise skte ,negative
tota hua ,negative
reliable ni ,negative
usefull ni ,negative
b paise zya hote ,negative
quality wise low ,negative
acha ni inki marzi hei bhej dein  ,negative
time paisa brbad ,negative
jasi pic the wasi ni nili ,negative
purani cheez bhej di ,negative
not like same as pics ,negative
design chnge dia ,negative
it was packed in box tota hua ,negative
kam ,negative
poor packed jis wjha toot b ,negative
galat product ye ni mngwya ,negative
jo picture me dekaya wesa b nahii isme bs kabar rakny k lia acaha ,negative
product acha but there no zip open it so its damaged ,negative
mazboot bilkul nhi bs aap shoes ait jaga rk skte  ,negative
bad experience ,negative
aty shat zip toot ,negative
seat k sath toys wali stick wahi tooti nikli ander ,negative
sirf time phncha bki sari sari product khrb ,negative
order recive ni para  unho likha delivered  pr dia ahi b ni ,negative
order galat pagal bachaa ,negative
same ni bheja apne ,negative
tooti bottle ,negative
order me shaamil ek bottle dhakan sahi band nahi kia howa  liquid leak hogaya  ,negative
charges zyadaa liy hainyah bat smj nhi i  ,negative
product thik pr colr ni sai ,negative
exact items ni bhj re ye log ,negative
kharab product bheji ,negative
order place ni hora ,negative
kura ra ajeeb ,negative
toote hue ,negative
return policy tk thik ni wapis ni pa ra ,negative
i received my order pr cheezin khrb ,negative
expnciv lga ,negative
size thora chota but chalay  ,negative
mene kisi bhejna suitcase u make dissappointed ,negative
cap tooti ,negative
seal tooti ,negative
kam producrt ,negative
low quality as well they lies about quantity  ,negative
recommend nhi ri mai ,negative
tota hua mila wapis lo ,negative
quality pasand nahi i mujhy  ,negative
nt recmded ,negative
colors desirable ni lge ,negative
packing was not so much secure pots toot ge ,negative
becar ,negative
paose wps kro ,negative
not origional expired b ,negative
sari kharab bad experience ,negative
no ratings for this q k negative ni skte ,negative
sharam ani chahiye tum logo flash sale m mene 2 deals mangwayi lekin tum logo aik bhej ,negative
brand ni likha hua fake ,negative
fast delivery but expensive genuine b ni ,negative
ye sai   ajeeb ,negative
disappoint kra ,negative
doesnt even fit on the doormoney waste di ,negative
me ye order kia and seller send me wrong product ,negative
poor quality  quality achi rkh lety ,negative
apne pass rakho aisi ghatiya products ,negative
fazoll qualty ,negative
bekar stiker quality  printing quality bekar  tasveeron mai achy hyn bs  not recommended  competitively flex print krwa lyn achi wall paint msla nhi hoga it per square fit cheap ge  ,negative
paise zya huwe ,negative
toy ra fazol ,negative
scam blkl ,negative
useless ye ,negative
bakws ,negative
seller me a1 bad copy  farig bass ,negative
me bht sal gionee istamal hu  aisa phali bar howa  which makes the point that it might fake also ,negative
worthless just waste of money ek ear phone mein awaz itni kam arahi h bht bekar lagrha h i dont recommend this ever ,negative
cheap low quality product  market 50 ropy milne wali handfree ,negative
damage piece  ,negative
aik box sahi bheja dosara defective  ajeeb log ,negative
dim bht  ,negative
it too much small  mne kux awr expect kia taa  size btaa dte wse ,negative
low quality ,negative
damaged products ,negative
fzool product ,negative
worst quality ,negative
kisi kam ke nahi kharab fazol ,negative
low quality  do nt waste money on this product kharab bi with in a week ,negative
batamizi ni cc bhejo ,negative
disappoint hn mai bht ,negative
expired ,negative
useless  money waist ,negative
hard use  not as shown  fake ,negative
disappoint kia ,negative
cheep product beji ,negative
sharam ani chahiye tum logo flash sale m mene 2 deals mangwayi lekin tum logo aik bheji r upar packets m kam pieces hen ,negative
khuda khauf karo ap log mangwaty hm bhejty hu price high lu but quality or standard zaroor maintain rkho cheez ,negative
cheeters ye ,negative
damaged parsal ,negative
stupid product ,negative
fake h bhjte ,negative
kindly saab parhez kary asi chizon bekarr product ,negative
bakwas products paise waste ge ,negative
toba kro khuda khoof ,negative
fraad yh dekhya beja ,negative
bht ghatiya aya h ,negative
reply ni seller scam ,negative
fazool ,negative
awful kabhi dobara kharidn ,negative
bakwaas sab acha k bandy 10 rupy shapar leely acha ,negative
bekar ,negative
fzool si cheez ,negative
fazool product ,negative
damaged products leak b rai ,negative
pakaging quality bht bekar ,negative
bakwas bakwas bakwas do nt waste money ,negative
fazool quality ,negative
bekar  ,negative
useless bhtt ,negative
bhot bura fazool paisy ziaya karwaa diye ,negative
fazoooool quality ,negative
dikhate or baghte or bd experiece ,negative
dikhate or baghte or bd experiece ,negative
ajeeb hrkt ye ,negative
plz kharide worst quality ,negative
worst quality bakwaas earphones  stopping working ,negative
fake product bhej di  poor quality  ,negative
worst quality bakwaas earphones  stopping working ,negative
bohat low quality jaisi picture vaise bilkul nahin ,negative
bad experience ,negative
order ziada kiye the mila sirf aik bad experience ,negative
chal ni ra   bad experience ,negative
bad experience  watch chl ni ri ,negative
patentic experience ni kha q pehle k as u wish ,negative
such a disgusting product ,negative
fake product skin khrb hogai ,negative
size a bit small ,negative
waste off money ,negative
sari wall khrab ,negative
not at all satisfied ,negative
it was disappointing ,negative
me useless item ,negative
dont buy anything ,negative
ajeeb bat h ,negative
i dnt like the quality at all ,negative
stupid thing ever ,negative
size small nahi tiny ,negative
waste of money never recommended ,negative
i do nt like it ,negative
it useless ,negative
bekar ,negative
poor quality ,negative
bad quality ,negative
useless ,negative
different then the picture ,negative
tape khrb halt mein mily ,negative
did nt work ,negative
not fresh ,negative
this not what i ordered ,negative
not satisfied at all ,negative
not recommended ,negative
i would give it a zero because there no confetti ,negative
the product not like what shown on figure ,negative
low quality ,negative
jesy dikhye wesy waste of money ,negative
it not colour full ,negative
not attractive ,negative
they r useless for ,negative
its wires are low quality ,negative
received broken ,negative
product defective left side speaker not working ,negative
product was defective ,negative
ek daam ghatiya ,negative
gatiya qism k head set ,negative
waste of money ,negative
fazool prodect ek side kharab or ek sound hony k barabar ,negative
low material  awaz b ni a rhe ,negative
shameful of this quality vendor ,negative
box demage aik side speaker b kharab ,negative
ak headphone tota howa or maik sahi nhi y ,negative
do nt buy  fake item  ,negative
cracked and not working ,negative
i found it defective ,negative
not recomended ,negative
worst not satisfied ,negative
it was not great product ,negative
fazol ,negative
delivery bht late aai ,negative
not durable din mai kharab jnapaise waiste kie ,negative
bs normal buht acha nhi  jese coat pack stuff ,negative
sound v exploding ,negative
not well jesi chez hoti pic mein wesi nei ati ,negative
slow bht delivry bht late aai ,negative
jesa k pic me dikaya va vesa bilkul ni ,negative
too small or mene use nhi kiye abh ,negative
nylon nhi cotton not same ,negative
kia oder kutch kia aya kutch size bi oder kia nhi aya achi dokhay bazi hn ,negative
different product same ni bheji apne ,negative
not good rubber hard ,negative
fast rotate sa edge nkil ataa not good cube ,negative
dekhai or beji or bad experience ,negative
achi ni bs din chale ,negative
product soft h lekin pakaging mn bohat laparwahi kari h ,negative
itna b acha nhi ,negative
pakaging bilkul achi nahi h ,negative
ziada acha ni ,negative
dusray seller original product kum rate me sell  highly not recommend  ,negative
i do nt like it  itna sound krab h  ajeeb shor aany h hand free lgaty ,negative
rola aesy dala k jesy pta ni item  fake or thrd copy gionee   me return ,negative
quality itni pasand nahi i mujhy  ,negative
itnaa chotuuuu sa ,negative
acha nahi bheja ,negative
pssnd ni aaya meri billo ,negative
ni achi product ,negative
ni achi product ,negative
aik strap tota hua nikla not satisfied ,negative
colour i have selected entirely different n size also not as it was shown in display picture ,negative
itna acha bna huwa ,negative
quality achi nhi  i do nt think so lambe time tak chalenge  ,negative
colr ni acha ,negative
product thk pr colors different hainvery disappointed ,negative
pics bht different ,negative
size btaa dte wse itna chota ,negative
lights bht dim ,negative
bht chote ,negative
useless chez ,negative
totally useless  mid patti gap very less ,negative
low space for door adjustment  bohhtt thin door k  mere kaam nahi aya  ,negative
i am not satisfied bht bad ,negative
pakaging bilkul achi nahi h ,negative
bht chota ,negative
color bilkul ruf h zra b ni cha ,negative
khali cardboard tookra bhej dia fazool blkl ,negative
the product nice lekin not original  ,negative
size bht chota sa ,negative
original ni ye ,negative
bhttt tight ta baby 3 months likha hae r pura e aya ,negative
it so bad ,negative
same as pic but size bht chota  newborn b mushkil ae ,negative
very bad hate it wapis lo ,negative
yah kyaa bhja itni buri halat mai nail polishes kise kaam k nhi paisy waste diyaa mai ,negative
in quality its good enough lekin in size i  m soo disappointed ,negative
pakage received lkn bht galat hrkat pic mai dhikhaya waisa bilkul nahi ,negative
farig tareen bhai aag laga do pason lkn ye order ,negative
bilkul bekaar ,negative
damage  lakin k bawajud boht acha working ker ,negative
bht chote ,negative
nice lekin bht small ,negative
bad packaging badly crumbled taste was okay too spicy ,negative
totally different ,negative
price bht high  it must be less  ,negative
quality bht low ,negative
darwazay kay nichay bohat mushkil say darwaza kholo band karo nikal ,negative
local bilkul cheep ,negative
gilitter nhi  khas nhi  quality k lihaz bht menhga ,negative
bht smallllll ,negative
fake copied product  bilkul fake  ,negative
bohat bekar experience aap khareed k third class quality ,negative
bht ghtya ,negative
bht ghtya ,negative
bottle leak  really bad experience  waste of money  sara perfume waste ,negative
lame experience ,negative
pakaging bilkul achi nahi h ,negative
the packaging was very very poor ,negative
very poor length choti sound quality bhtt buri ,negative
pakaging bilkul achi nahi h ,negative
cheese picture mein mention vah aapane nahin send bahut disappoint kiya ,negative
ummid nahin aisi fazooll chez ,negative
taste bilkul acha nahi ,negative
very dissapointed ,negative
expiry date mention  k bahot ghalat bat  ,negative
pakaging bilkul achi nahi h ,negative
pakaging bilkul achi nahi h ,negative
bhttt bura ye ,negative
3rd class chez ,negative
bht mhnga itna acha b ni ,negative
bht mhnga ,negative
bht mehnga ,negative
worst experience ,negative
third class service ,negative
received damaged piece aik earpiece kam nhi very disappointing ,negative
worst handsfree ever do nt waste ur money on this handsfree awz bilkul kam third class product ,negative
dafa bilkul farig quality bheji  ,negative
totaly faulty item ,negative
bilkul nahin kam bilkul damage piece ,negative
blkl bh achi ni fuzol ma paisy zaya hwy ajeeb ,negative
itna fazol product jis hd ni ,negative
not recommended choti bht ,negative
do mngwaya la kin ak dya or paisa do la liya very bad experiance ,negative
bht cheap order kia bheja what this ,negative
bht disapoint kia apne ,negative
thread bht kmzor ,negative
bass mazey nahi bhai  very bad experience ,negative
bht kam ,negative
yr bht gndi srvice fazool app ,negative
blkl farag quality ,negative
itni ghatiya product ainda kabhi order nae karun daraz sa ,negative
pakaging bilkul achi nahi h ,negative
farig tareen bhai aag laga do pason lkn ye order ,negative
bilkul bekaar ,negative
highly disappointed pichli br ,negative
bht galat hrkt trash product quality  service  ,negative
blkl bekaar ,negative
yaar bhai very very very disapointed ,negative
inthai ghatya bohat halka product ,negative
quality boht khrab hae very disappointed order ni krn gn ,negative
ye touu bht chota ,negative
pakaging bilkul achi nahi h ,negative
bht poor quality ,negative
bilkul bekaar ,negative
bohat zaada bakwas tooti ,negative
rider kamina bhut bht chwlain mar ra ,negative
quantity bht km ,negative
3rd class chez ,negative
too much poor quality  itna gusa ara h dekh k price b itny ziyada  ,negative
bht buri service pethatic ,negative
totally disappointed purani cheez utha k bhej di ,negative
cheater seller  bakwas not recommend ,negative
seller bht btamiz ,negative
itne bakwas ,negative
pieces kam seller intahai uncorporative was in strong denial even took extra shipping charges ,negative
bht low quality ,negative
v bad exprince ,negative
scammers ye  order place kia and when i received it was not working ,negative
quality nihayat bekar ,negative
bilkol b nahi achi ,negative
bakwas  total waist of money ,negative
buhat bekar not recommended  ,negative
quality bht poor ,negative
bht buri dikhai or or ,negative
bikul bekar ,negative
didn  t expected bht ziada poor quality ,negative
gatiya treen ,negative
quality itni ghatiya ,negative
quality itni ghatiya ,negative
bht late aaya ,negative
third class quality order kia same nahi ghatiya service aysa lagta use item sale kia ghatiya packing ,negative
acha pr bhttt mhnga ,negative
quality itni ghatiya ,negative
very bad ,negative
bahot ghalat bat  ,negative
price k hisab boht ghatiya cheez mili quality boht kharab jese toy ,negative
very poor very poor product tot aate hue ,negative
delivery bht late aai ,negative
not durable din mai kharab jnapaise waiste kie ,negative
bs normal buht acha nhi  jese coat pack stuff ,negative
sound v exploding ,negative
not well jesi chez hoti pic mein wesi nei ati ,negative
slow bht delivry bht late aai ,negative
jesa k pic me dikaya va vesa bilkul ni ,negative
too small or mene use nhi kiye abh ,negative
nylon nhi cotton not same ,negative
kia oder kutch kia aya kutch size bi oder kia nhi aya achi dokhay bazi hn ,negative
different product same ni bheji apne ,negative
not good rubber hard ,negative
fast rotate sa edge nkil ataa not good cube ,negative
dekhai or beji or bad experience ,negative
achi ni bs din chale ,negative
product soft h lekin pakaging mn bohat laparwahi kari h ,negative
itna b acha nhi ,negative
pakaging bilkul achi nahi h ,negative
ziada acha ni ,negative
dusray seller original product kum rate me sell  highly not recommend  ,negative
i do nt like it  itna sound krab h  ajeeb shor aany h hand free lgaty ,negative
rola aesy dala k jesy pta ni item  fake or thrd copy gionee   me return ,negative
quality itni pasand nahi i mujhy  ,negative
itnaa chotuuuu sa ,negative
acha nahi bheja ,negative
pssnd ni aaya meri billo ,negative
ni achi product ,negative
ni achi product ,negative
aik strap tota hua nikla not satisfied ,negative
colour i have selected entirely different n size also not as it was shown in display picture ,negative
itna acha bna huwa ,negative
quality achi nhi  i do nt think so lambe time tak chalenge  ,negative
colr ni acha ,negative
product thk pr colors different hainvery disappointed ,negative
pics bht different ,negative
size btaa dte wse itna chota ,negative
lights bht dim ,negative
bht chote ,negative
useless chez ,negative
totally useless  mid patti gap very less ,negative
low space for door adjustment  bohhtt thin door k  mere kaam nahi aya  ,negative
i am not satisfied bht bad ,negative
pakaging bilkul achi nahi h ,negative
bht chota ,negative
color bilkul ruf h zra b ni cha ,negative
khali cardboard tookra bhej dia fazool blkl ,negative
the product nice lekin not original  ,negative
size bht chota sa ,negative
original ni ye ,negative
bhttt tight ta baby 3 months likha hae r pura e aya ,negative
it so bad ,negative
same as pic but size bht chota  newborn b mushkil ae ,negative
very bad hate it wapis lo ,negative
yah kyaa bhja itni buri halat mai nail polishes kise kaam k nhi paisy waste diyaa mai ,negative
in quality its good enough lekin in size i  m soo disappointed ,negative
pakage received lkn bht galat hrkat pic mai dhikhaya waisa bilkul nahi ,negative
farig tareen bhai aag laga do pason lkn ye order ,negative
bilkul bekaar ,negative
damage  lakin k bawajud boht acha working ker ,negative
bht chote ,negative
nice lekin bht small ,negative
bad packaging badly crumbled taste was okay too spicy ,negative
totally different ,negative
price bht high  it must be less  ,negative
quality bht low ,negative
darwazay kay nichay bohat mushkil say darwaza kholo band karo nikal ,negative
local bilkul cheep ,negative
gilitter nhi  khas nhi  quality k lihaz bht menhga ,negative
bht smallllll ,negative
fake copied product  bilkul fake  ,negative
bohat bekar experience aap khareed k third class quality ,negative
bht ghtya ,negative
bht ghtya ,negative
bottle leak  really bad experience  waste of money  sara perfume waste ,negative
lame experience ,negative
pakaging bilkul achi nahi h ,negative
the packaging was very very poor ,negative
very poor length choti sound quality bhtt buri ,negative
pakaging bilkul achi nahi h ,negative
cheese picture mein mention vah aapane nahin send bahut disappoint kiya ,negative
ummid nahin aisi fazooll chez ,negative
taste bilkul acha nahi ,negative
very dissapointed ,negative
expiry date mention  k bahot ghalat bat  ,negative
pakaging bilkul achi nahi h ,negative
pakaging bilkul achi nahi h ,negative
bhttt bura ye ,negative
3rd class chez ,negative
bht mhnga itna acha b ni ,negative
bht mhnga ,negative
bht mehnga ,negative
worst experience ,negative
third class service ,negative
received damaged piece aik earpiece kam nhi very disappointing ,negative
worst handsfree ever do nt waste ur money on this handsfree awz bilkul kam third class product ,negative
dafa bilkul farig quality bheji  ,negative
totaly faulty item ,negative
bilkul nahin kam bilkul damage piece ,negative
blkl bh achi ni fuzol ma paisy zaya hwy ajeeb ,negative
itna fazol product jis hd ni ,negative
not recommended choti bht ,negative
do mngwaya la kin ak dya or paisa do la liya very bad experiance ,negative
bht cheap order kia bheja what this ,negative
bht disapoint kia apne ,negative
thread bht kmzor ,negative
bass mazey nahi bhai  very bad experience ,negative
bht kam ,negative
yr bht gndi srvice fazool app ,negative
blkl farag quality ,negative
itni ghatiya product ainda kabhi order nae karun daraz sa ,negative
pakaging bilkul achi nahi h ,negative
farig tareen bhai aag laga do pason lkn ye order ,negative
bilkul bekaar ,negative
highly disappointed pichli br ,negative
bht galat hrkt trash product quality  service  ,negative
blkl bekaar ,negative
yaar bhai very very very disapointed ,negative
inthai ghatya bohat halka product ,negative
quality boht khrab hae very disappointed order ni krn gn ,negative
ye touu bht chota ,negative
pakaging bilkul achi nahi h ,negative
bht poor quality ,negative
bilkul bekaar ,negative
bohat zaada bakwas tooti ,negative
rider kamina bhut bht chwlain mar ra ,negative
quantity bht km ,negative
3rd class chez ,negative
too much poor quality  itna gusa ara h dekh k price b itny ziyada  ,negative
bht buri service pethatic ,negative
totally disappointed purani cheez utha k bhej di ,negative
cheater seller  bakwas not recommend ,negative
seller bht btamiz ,negative
itne bakwas ,negative
pieces kam seller intahai uncorporative was in strong denial even took extra shipping charges ,negative
bht low quality ,negative
v bad exprince ,negative
scammers ye  order place kia and when i received it was not working ,negative
quality nihayat bekar ,negative
bilkol b nahi achi ,negative
bakwas  total waist of money ,negative
bhttt tight ta baby 3 months likha hae r pura e aya ,negative
it so bad ,negative
same as pic but size bht chota  newborn b mushkil ae ,negative
very bad hate it wapis lo ,negative
yah kyaa bhja itni buri halat mai nail polishes kise kaam k nhi paisy waste diyaa mai ,negative
in quality its good enough lekin in size i  m soo disappointed ,negative
pakage received lkn bht galat hrkat pic mai dhikhaya waisa bilkul nahi ,negative
farig tareen bhai aag laga do pason lkn ye order ,negative
bilkul bekaar ,negative
damage  lakin k bawajud boht acha working ker ,negative
bht chote ,negative
nice lekin bht small ,negative
bad packaging badly crumbled taste was okay too spicy ,negative
totally different ,negative
price bht high  it must be less  ,negative
quality bht low ,negative
darwazay kay nichay bohat mushkil say darwaza kholo band karo nikal ,negative
local bilkul cheep ,negative
gilitter nhi  khas nhi  quality k lihaz bht menhga ,negative
bht smallllll ,negative
fake copied product  bilkul fake  ,negative
bohat bekar experience aap khareed k third class quality ,negative
bht ghtya ,negative
bht ghtya ,negative
bottle leak  really bad experience  waste of money  sara perfume waste ,negative
lame experience ,negative
pakaging bilkul achi nahi h ,negative
the packaging was very very poor ,negative
very poor length choti sound quality bhtt buri ,negative
pakaging bilkul achi nahi h ,negative
cheese picture mein mention vah aapane nahin send bahut disappoint kiya ,negative
ummid nahin aisi fazooll chez ,negative
taste bilkul acha nahi ,negative
very dissapointed ,negative
expiry date mention  k bahot ghalat bat  ,negative
pakaging bilkul achi nahi h ,negative
bilkul fazool quality ,positive
they stick very strongly wall and difficult remove ,negative
bht low quality ,negative
its very small ,negative
very bad experience ,negative
its totall fraud ,negative
please do nt order bohat buri trha stick jate hen balloons ,negative
quality of it not well for my wall ,negative
nihayaat bkwas item ,negative
totally waste of money ,negative
not helpful at all ,negative
totally useless ,negative
totally poor quality ,negative
totally wastage of money ,negative
not usable ,negative
very bad do nt buy this ,negative
weast money ,negative
bekar h blkl ,negative
its totall fraud ,negative
stickness not good ,negative
circles bhoat chote ,negative
baloon size so small ,negative
third class quality ,negative
really bad quality ,negative
instead of confetti  balloons contain styrofoam balls  not impressive ,negative
bht fazool cheez pesy zayaan kryn ,negative
intahai chawal mari logo pagal bnaaya ,negative
bakwas totally different ,negative
too smalls size ,negative
very poor service  do nt order ,negative
absolutely pathetic way of sending ,negative
a very bad experience indeed ,negative
extremely disappointed ,negative
made of very weak material ,negative
bilkul ghatiya sound bilkul maze nhi or sound kam ,negative
so disappointed ,negative
look me achi bssound bhot bekar ,negative
awaz bhot bhot slow iski ,negative
buth zayda gatya chezz h ,negative
buth gandi quilty ,negative
very disappointed ,negative
farigh tareen product no good quality of sound no base waste ,negative
please do nt purchase from this seller totally fraud ,negative
product quality was not good one side of headphone was defective i mean it not working ,negative
the product quality was very poor ,negative
yaar right hand k ear left nahi bekaar bilkul ,negative
much disgusting ,negative
bht gatiya product dont buy ,negative
fully bekaar headphones ,negative
veryy bad bakwasss aik dum ,negative
peeler was too bad ,negative
size men bhot chotey hen ,negative
